책 이름,가격,ISBN,현재  수량,안전 재고
새인하한국어 1 주교재,10000,9788974079680 ,150,100
새인하한국어 2 주교재,10000,9788974079710 ,180,100
새인하한국어 3 주교재,10000,9788974079734 ,150,100
새인하한국어 4 주교재,10000,9788974079628 ,210,100
새인하한국어 5 주교재,10000,9788974079635 ,210,100
새인하한국어 6 주교재,10000,9788974079666 ,300,100
새인하한국어 1 부교재,10000,9788974079697 ,150,100
새인하한국어 2 부교재,10000,9788974079703 ,180,100
새인하한국어 3 부교재,10000,9788974079727 ,150,100
새인하한국어 4 부교재,10000,9788974079611 ,210,100
새인하한국어 5 부교재,10000,9788974079659 ,210,100
새인하한국어 6 부교재,10000,9788974079727 ,300,100
크로스오버3:사회의탐색,8000,9788974079932 ,120,100
크로스오버2:자연의탐색,8000,9788974079802 ,120,100
문제해결을 위한 글쓰기,12000,9788974079925 ,150,100
응용수학의 길,8000,9788974079789 ,60,30
전투적 민주주의와 국가보안법,14000,8974071541 ,60,30
